symbol,name,close,score,score_coverage,score_momentum,score_theme,score_capital,score_liquidity,ret_since_924,ret_ytd,close_position_250,dist_to_52w_high,close_position_20,history_days,listed_days,ret_20,ret_60,volume_trend_20,turnover_value_20,theme_tags,theme_heat_max,theme_days_20,lhb_count_20,lhb_net_buy_rel,main_net_inflow,margin_rz_chg_20,lhb_net_buy_20,theme_tag_count,theme_heat_sum,reason,listed_date,trade_date,amount,base_924,base_ytd,close_position_60,ma20_dev,ma60_dev,amount_avg_20,ret_rank_20
000980,众泰汽车,2.15,0.8803510273972602,0.7999999999999999,0.9863013698630136,0.7391552511415524,,0.9155251141552512,0.3782051282051282,-0.3909348441926346,0.24809160305343508,-0.47815533980582525,0.7464788732394364,300,9588.0,0.360759493670886,0.023809523809523725,2.465191639293164,532720415.816,,0,4,,,,,,0,0,,2000-06-16,2026-09-16,1260309533.74,1.56,3.53,0.7831325301204818,0.18099423235374879,0.21813031161473084,532720415.816,0.9872015281757403
002531,天顺风能,7.82,0.8716466894977168,0.7999999999999999,0.9977168949771689,0.716324200913242,,0.8881278538812786,0.1094338766059837,0.13994169096209919,0.25392296718972895,-0.4007662835249042,1.0,300,5738.0,0.28618421052631593,-0.1272321428571429,2.8003748313601684,456400385.34799993,,0,2,,,,,,0,0,,2010-12-31,2026-09-16,2215201322.95,7.04864,6.86,0.6472727272727276,0.20409577334667794,0.14372074882995323,456400385.34799993,0.9753581661891118
600865,百大集团,10.29,0.8483162100456622,0.7999999999999999,0.9463470319634704,0.7448630136986301,,0.8264840182648402,0.6292245840964878,-0.3725609756097561,0.18616262482168328,-0.5258064516129033,0.2696969696969696,300,11726.0,0.19651162790697674,0.18685121107266434,2.2054370970689123,365543794.5585,,0,5,,,,,,0,0,,1994-08-09,2026-09-16,570836753.84,6.315888,16.4,0.35127860026917895,-0.04114056748823569,0.11677881484697217,365543794.5585,0.9474689589302769
002560,通达股份,7.44,0.8457477168949772,0.7999999999999999,0.9874429223744292,0.716324200913242,,0.773972602739726,0.9967268708445136,0.03824133082443626,0.30215696125910313,-0.4232558139534883,0.8426966292134834,300,5676.0,0.21568627450980404,-0.09599027946537064,2.6396535965829604,290566296.823,,0,2,,,,,,0,0,,2011-03-03,2026-09-16,1074552368.97,3.726098,7.165964,0.7952755905511812,0.15851759576455948,0.14826628253935592,290566296.823,0.9553008595988539
600410,华胜天成,15.79,0.8317636986301371,0.7999999999999999,0.8664383561643836,0.716324200913242,,0.9817351598173516,2.5542770062588134,-0.11627206731331607,0.14800117592743195,-0.5164916462372393,1.0,300,8177.0,0.15003641660597222,-0.10778913084874187,1.782773677177864,1190312047.817,,0,2,,,,,,0,0,,2004-04-27,2026-09-16,1946373056.59,4.442535,17.86749,0.7310032708030308,0.1012693541637606,0.07678979706092526,1190312047.817,0.9157593123209169
603601,再升科技,10.29,0.8310502283105023,0.7999999999999999,0.9235159817351598,0.6638127853881279,,0.9497716894977168,2.82679387936116,-0.17427460144104734,0.30643588263281507,-0.562397111225556,0.758454106280193,300,4255.0,0.1433333333333333,-0.1910377358490567,2.263631212753374,826806185.03,,0,1,,,,,,0,0,,2015-01-22,2026-09-16,1087825491.7,2.688935,12.46177,0.5539419087136929,0.10018175986314537,0.07574094401756315,826806185.03,0.9088825214899714
600967,内蒙一机,13.47,0.8254851598173516,0.7999999999999999,0.841324200913242,0.7311643835616438,,0.9771689497716894,1.0294675065980292,-0.19054907453979386,0.29881817861743787,-0.3657287268381506,0.6378896882494005,300,8156.0,0.25770308123249297,0.2055654701705334,1.566180794959728,1142076353.7020001,,0,3,,,,,,0,0,,2004-05-18,2026-09-16,1046271409.96,6.637209,16.64091,0.6867219917012449,0.06781877997542529,0.16244986611330492,1142076353.7020001,0.9684813753581661
601890,亚星锚链,9.67,0.8212756849315068,0.7999999999999999,0.9178082191780821,0.6638127853881279,,0.910958904109589,0.44776538834622226,-0.05377160571142281,0.30708248694458223,-0.2887734320469718,0.6340206185567009,300,5741.0,0.15531660692951021,0.1192129629629628,2.110836277076773,520622392.4595,,0,1,,,,,,0,0,,2010-12-28,2026-09-16,700710342.55,6.679259,10.21952,0.7102040816326528,0.054468131508641715,0.11854408050741272,520622392.4595,0.9220630372492836
002383,合众思壮,8.16,0.8195015220700154,0.9999999999999999,0.9246575342465753,0.9651826484018264,0.5555555555555556,0.634703196347032,0.31612903225806455,-0.3518665607625099,0.20611551528878824,-0.46209624258404747,0.9466666666666667,300,6011.0,0.20531757754800606,0.17748917748917759,1.9440392405022053,187913340.08900002,北斗导航|商业航天|农机,1,2,,,0.0,,,3,3,北斗导航+商业航天+农机,2010-04-02,2026-09-16,408078136.05,6.2,12.59,0.9578947368421052,0.10967566464948675,0.167660386358216,187913340.08900002,0.951862464183381
600108,亚盛集团,3.96,0.8115724885844748,0.7999999999999999,0.7968036529680365,0.7448630136986301,,0.9794520547945206,0.6351352578930374,0.2571428571428571,0.2753623188405797,-0.43103448275862066,0.2827868852459016,300,10621.0,0.13467048710601714,0.13793103448275867,1.5857133656190017,1178598213.3790002,,0,5,,,,,,0,0,,1997-08-18,2026-09-16,1025870756.86,2.421818,3.15,0.39446366782006925,-0.032258064516129115,0.16367910667058494,1178598213.3790002,0.9018147086914995
002218,拓日新能,4.42,0.799300799086758,0.7999999999999999,0.9634703196347032,0.6638127853881279,,0.6872146118721462,0.49726816309925015,0.018433179723502224,0.21854304635761587,-0.44472361809045224,1.0,300,6775.0,0.16315789473684217,0.13043478260869557,2.5275009785148104,217187753.3035,,0,1,,,,,,0,0,,2008-02-28,2026-09-16,984620289.28,2.952043,4.34,1.0,0.09378866617173975,0.12520683949255362,217187753.3035,0.9274116523400191
601218,吉鑫科技,5.22,0.7953053652968036,0.7999999999999999,0.9817351598173516,0.6638127853881279,,0.6232876712328768,0.9020869756598455,0.036260584200837664,0.3053448540353887,-0.35265705755101984,1.0,300,5612.0,0.19724770642201817,0.15231788079470188,2.598491667115036,182934740.71649998,,0,1,,,,,,0,0,,2011-05-06,2026-09-16,1309042901.84,2.744354,5.037343,1.0,0.1366358192705499,0.1755432946740234,182934740.71649998,0.9478510028653295
605580,恒盛能源,23.02,0.7925941780821918,0.7999999999999999,0.8493150684931507,0.7311643835616438,,0.7831050228310502,2.004981062875639,0.03174475118906117,0.2505490699823485,-0.4795134739762389,0.7363636363636362,300,1854.0,0.28819250139899255,-0.245493280891511,1.581532920651494,297159066.5975,,0,3,,,,,,0,0,,2021-08-19,2026-09-16,454692297.4,7.660614,22.31172,0.4978932584269662,0.1280719378629358,0.13811089412404498,297159066.5975,0.975549188156638
002519,银河电子,6.09,0.7915953196347033,0.7999999999999999,0.9155251141552512,0.6638127853881279,,0.7579908675799086,0.347345132743363,-0.06018518518518523,0.22366522366522362,-0.46904969485614656,0.7981651376146791,300,5762.0,0.1622137404580153,0.0,2.0548949822410636,275352089.117,,0,1,,,,,,0,0,,2010-12-07,2026-09-16,387783108.61,4.52,6.48,0.8543046357615895,0.07020472717687376,0.10516287088286003,275352089.117,0.926647564469914
300563,神宇股份,27.15,0.791095890410959,0.7999999999999999,0.928082191780822,0.6638127853881279,,0.726027397260274,-0.006799490925293417,-0.25485026607197414,0.2233152918084424,-0.4378425743869897,0.746945898778359,300,3593.0,0.20827770360480646,-0.03208556149732633,1.9973586351936043,247198556.0755,,0,1,,,,,,0,0,,2016-11-14,2026-09-16,420984038.48,27.33587,36.43563,0.7020785219399536,0.08859084621398927,0.1108762215205843,247198556.0755,0.9530085959885387
002617,露笑科技,7.02,0.7897070015220701,0.9999999999999999,0.7671232876712328,0.9126712328767124,0.5555555555555556,0.908675799086758,0.34999999999999987,-0.1333333333333333,0.25246548323471385,-0.35060129509713234,1.0,300,5475.0,0.11961722488038284,-0.25556733828207845,1.5706289270492666,516539863.67700005,碳化硅衬底|半导体材料|大尺寸拓展,1,1,,,0.0,,,3,3,碳化硅衬底+半导体材料+大尺寸拓展,2011-09-20,2026-09-16,767538133.36,5.2,8.1,0.28131868131868126,0.11517077045274027,0.014670810146708124,516539863.67700005,0.8844317096466093
002790,瑞尔特,7.06,0.7802511415525114,0.7999999999999999,0.9874429223744292,0.7391552511415524,,0.3789954337899543,0.05965735844230946,-0.15706625626379778,0.2735599861160952,-0.41162940319553576,0.3440233236151602,300,3844.0,0.2109777015437393,0.2607142857142857,2.6454093727072174,121232100.95900002,,0,4,,,,,,0,0,,2016-03-08,2026-09-16,482844536.34,6.662531,8.37551,0.4525547445255473,0.03808263490663144,0.17732073374096724,121232100.95900002,0.95396370582617
600596,新安股份,12.34,0.7736872146118722,0.7999999999999999,0.79337899543379,0.6638127853881279,,0.9474885844748858,0.7255258833776623,0.08310505329069962,0.33613534473786344,-0.30674157303370786,0.7725490196078432,300,9141.0,0.15219421101774033,-0.28629265471370735,1.5352822553892882,804122407.504,,0,1,,,,,,0,0,,2001-09-06,2026-09-16,1112045108.77,7.151443,11.39317,0.31407035175879394,0.08392990469498018,0.056115025818046727,804122407.504,0.9182425978987584
002212,天融信,6.99,0.7706906392694064,0.7999999999999999,0.7591324200913242,0.716324200913242,,0.906392694063927,0.5315848287648721,-0.22932745314222713,0.29604130808950097,-0.36913357400722024,0.5491329479768788,300,6802.0,0.10952380952380958,0.16306156405990024,1.5828963937026135,514200455.8450001,,0,2,,,,,,0,0,,2008-02-01,2026-09-16,320673240.0,4.5639,9.07,0.6880000000000003,0.05413964711204944,0.1208509273611631,514200455.8450001,0.8691499522445081
600192,长城电工,7.79,0.7659817351598174,0.7999999999999999,0.930365296803653,0.716324200913242,,0.4817351598173516,0.5038610038610039,-0.23175542406311644,0.3491773308957953,-0.3136563876651982,0.5240641711229949,300,10128.0,0.14896755162241893,0.08798882681564235,2.301773756532237,140707047.6645,,0,2,,,,,,0,0,,1998-12-24,2026-09-16,245634942.64,5.18,10.14,0.6821428571428573,0.05441256090958313,0.12574965678364136,140707047.6645,0.914422158548233
002702,海欣食品,5.34,0.7651969178082192,0.7999999999999999,0.7945205479452054,0.7311643835616438,,0.7648401826484018,0.6430769230769231,-0.25,0.18051575931232086,-0.5171790235081375,0.28217821782178226,300,5088.0,0.0897959183673469,0.14102564102564097,1.812109780369033,282864774.597,,0,3,,,,,,0,0,,2012-10-11,2026-09-16,444241662.1,3.25,7.12,0.4649446494464944,-0.007711604571216224,0.09654676751428859,282864774.597,0.8408787010506208
603105,芯能科技,8.12,0.7598458904109591,0.7999999999999999,0.8253424657534246,0.716324200913242,,0.6940639269406392,0.14507864377562307,-0.09655310532054573,0.22975900676449967,-0.40225508837717416,0.6975308641975306,300,2991.0,0.18195050946142644,0.13091922005571033,1.5663980511072169,222101732.3355,,0,2,,,,,,0,0,,2018-07-09,2026-09-16,245237449.04,7.091216,8.9878,0.7688679245283017,0.03413143148242481,0.11666284666513871,222101732.3355,0.9402101241642788
603138,海量数据,14.4,0.7552796803652969,0.7999999999999999,0.8550228310502284,0.6638127853881279,,0.7054794520547946,0.1529223378702962,0.012658227848101333,0.2344119968429361,-0.4024896265560166,0.6642599277978339,300,3481.0,0.132966168371361,-0.05943827563683868,1.8055911088405336,233572042.652,,0,1,,,,,,0,0,,2017-03-06,2026-09-16,464368343.32,12.49,14.22,0.7615384615384616,0.04986876640419946,0.08842166261447959,233572042.652,0.8997134670487106
002093,国脉科技,7.78,0.7544235159817352,0.7999999999999999,0.937214611872146,0.6638127853881279,,0.5091324200913242,0.2867173392934699,-0.31742890030601645,0.2216275671859866,-0.42240132565577493,1.0,300,7215.0,0.19692307692307698,0.1734539969834088,2.100669705048387,148722380.7185,,0,1,,,,,,0,0,,2006-12-15,2026-09-16,529769953.66,6.046394,11.39808,1.0,0.09817206577740145,0.15165420768262883,148722380.7185,0.9476599808978032
002295,精艺股份,9.68,0.7520690639269407,0.7999999999999999,0.8242009132420092,0.7391552511415524,,0.6095890410958904,0.8756342133506789,-0.27327327327327333,0.2548350398179749,-0.40357362908194705,0.2280701754385963,300,6196.0,0.11392405063291133,0.03862660944205998,1.7860530245065056,179448230.5985,,0,4,,,,,,0,0,,2009-09-29,2026-09-16,372216835.32,5.160921,13.32,0.45901639344262285,-0.032387045181927365,0.08461409176641954,179448230.5985,0.87621776504298
